UnitName,Power,Power1,Power2,Power3,Power4,Power5,Power6,Power7,Power8,Power9,Power10,Power11,Power12,Power13,Power14,Power15,Power16,Power17,Power18,Power19,Power20,Power21,Power22,Power23,Power24,Power25,Power26,Power27,Power28,Power29
T1_0,0.000004,0.000004,0.000004,0.000004,0.000004,0.000004,0.000004,0.000004,0.000004,0.000004,0.2,0.2,0.2,0.2,0.2,0.2,0.2,0.2,0.2,0.2,0.000004,0.000004,0.000004,0.000004,0.000004,0.000004,0.000004,0.000004,0.000004,0.000004
T1_1,0.0000008,0.0000008, 0.0000008, 0.0000008, 0.0000008, 0.0000008, 0.0000008, 0.0000008, 0.0000008, 0.0000008,0.04,0.04,0.04,0.04,0.04,0.04,0.04,0.04,0.04,0.04,0.0000008,0.0000008, 0.0000008, 0.0000008, 0.0000008, 0.0000008, 0.0000008, 0.0000008, 0.0000008, 0.0000008
T1_2,0.0000004,0.0000004, 0.0000004, 0.0000004, 0.0000004, 0.0000004, 0.0000004, 0.0000004, 0.0000004, 0.0000004,0.6,0.6,0.6,0.6,0.6,0.6,0.6,0.6,0.6,0.6,0.0000004,0.0000004, 0.0000004, 0.0000004, 0.0000004, 0.0000004, 0.0000004, 0.0000004, 0.0000004, 0.0000004
T1_3,0.0000008,0.0000008, 0.0000008, 0.0000008, 0.0000008, 0.0000008, 0.0000008, 0.0000008, 0.0000008, 0.0000008,0.04,0.04,0.04,0.04,0.04,0.04,0.04,0.04,0.04,0.04,0.0000008,0.0000008, 0.0000008, 0.0000008, 0.0000008, 0.0000008, 0.0000008, 0.0000008, 0.0000008, 0.0000008
T1_4,0.000004,0.000004,0.000004,0.000004,0.000004,0.000004,0.000004,0.000004,0.000004,0.000004,0.2,0.2,0.2,0.2,0.2,0.2,0.2,0.2,0.2,0.2,0.000004,0.000004,0.000004,0.000004,0.000004,0.000004,0.000004,0.000004,0.000004,0.000004
